{"x": 240.0000762939453, "y": 0.0, "z": 150.0, "r": 1.1641532182693481e-10, "j1": 0.0, "j2": -0.08355712890625, "j3": 0.1961926966905594, "j4": 1.1641532182693481e-10, "mode": "linear", "actuator": "on"}